<application>
  <component name="AppStorage">
    <histories>
      <item value="增加视图解析器" />
    </histories>
    <option name="languageScores">
      <map>
        <entry key="CHINESE" value="1" />
        <entry key="ENGLISH" value="2" />
      </map>
    </option>
  </component>
  <component name="Settings">
    <option name="foldOriginal" value="true" />
    <option name="googleTranslateSettings">
      <google-translate>
        <option name="useTranslateGoogleCom" value="false" />
      </google-translate>
    </option>
    <option name="ignoreRegExp" value="" />
  </component>
</application>